NA,Wavelength_nm,Distance (m),Lval_um,Zone calcul,RoC_mm,FinalPower,db/m,PowerAfterInsertion
0.0779,1060,0.05,55,38.8908729652601,27.5,0.895091651839738,0.088691755261567,0.895914611468257
