NA,Wavelength_nm,Distance (m),Lval_um,Zone calcul,RoC_mm,FinalPower,db/m,PowerAfterInsertion
0.0779,1060,0.01,75,53.0330085889911,15.5,0.00227009293887193,2302.46370420404,0.0321569973548321
