NA,Wavelength_nm,Distance (m),Lval_um,Zone calcul,RoC_mm,FinalPower,db/m,PowerAfterInsertion
0.0779,1060,0.01,75,53.0330085889911,15.5,0.0031145339955998,2108.43807081204,0.035286786600409
