Wavelength_nm;Lval_um;RoC_mm;FinalPower
1060;50;27.5;0.998830663
1060;60;27.5;0.999748047
1060;70;27.5;0.999925946
